{"cameraMode":{"drawMode":0,"name":"Shaded","section":"Shading Mode"},"sceneLighting":true,"audioPlay":false,"sceneViewState":{"showFog":true,"showMaterialUpdate":false,"showSkybox":true,"showFlares":true,"showImageEffects":true,"showParticleSystems":true},"in2DMode":false,"pivot":{"x":-1.6657737493515015,"y":-5.956981658935547,"z":11.7123384475708},"rotation":{"x":-0.32273852825164797,"y":0.03179056569933891,"z":-0.010848289355635643,"w":-0.9459017515182495},"size":11.106106758117676,"orthographic":false}