{"cameraMode":{"drawMode":0,"name":"Shaded","section":"Shading Mode"},"sceneLighting":true,"audioPlay":false,"sceneViewState":{"showFog":true,"showMaterialUpdate":false,"showSkybox":true,"showFlares":true,"showImageEffects":true,"showParticleSystems":true},"in2DMode":false,"pivot":{"x":-0.9337606430053711,"y":3.075775623321533,"z":-0.7077226638793945},"rotation":{"x":-0.12666063010692597,"y":0.5140426754951477,"z":-0.07706449180841446,"w":-0.8448663353919983},"size":7.402990818023682,"orthographic":false}